index,text,location
0,"RT @JustinWolfers: Trump's campaign manager who has been charged with assault will be defendend by a lawyer who resigned as US attorney aft‚Ä¶","Pueblo West - Colo."
1,"RT @HVACPROFESSOR1: @immigrant4trump @Lori_Tofani absolutely wonderful and shows Trump in a true light. Media can't touch this one. Vote Tr‚Ä¶","United States"
2,"RT @AndyGrewal: Cruz: You've given Trump $2B of free media. AC: I've asked you for interviews every day on my show and you've declined.‚Ä¶","New Hampshire - USA"
3,"RT @AndyGrewal: Cruz: You've given Trump $2B of free media. AC: I've asked you for interviews every day on my show and you've declined.‚Ä¶","New Hampshire - USA"
4,"RT @rumpfshaker: Trump is now accusing Cruz of illegally coordinating with a SuperPAC. File a complaint with the SEC or shut the F up. #GOP‚Ä¶","A broad - sunlit upland."
5,"RT @ABCPolitics: Trump campaign says manager Corey Lewandowski is absolutely innocent of battery charge. -@JTSantucci https://t.co/LFkjIH‚Ä¶","Los Angeles - CA"
6,"RT @rumpfshaker: Trump is now accusing Cruz of illegally coordinating with a SuperPAC. File a complaint with the SEC or shut the F up. #GOP‚Ä¶","A broad - sunlit upland."
7,"RT @ditzkoff: COOPER: ‚ÄúYou‚Äôre running for president of the United States.‚Äù TRUMP: ‚ÄúI didn‚Äôt start it.‚Äù COOPER: That‚Äôs the argument of a 5-y‚Ä¶","Maryland"
8,"RT @MrJoshPerry: Donald Trump continues to lie about an ad from a Super PAC that @tedcruz HAD NOTHING TO DO WITH. Cruz even condemned it!‚Ä¶","Tennessee - USA"
9,"RT @MrJoshPerry: Donald Trump continues to lie about an ad from a Super PAC that @tedcruz HAD NOTHING TO DO WITH. Cruz even condemned it!‚Ä¶","Tennessee - USA"
10,"RT @maxlydic: Give it to them @realDonaldTrump . Trump is backing Cory 150% and he would do the same for us! Trump Rally https://t.co/JNPOO‚Ä¶","USA"
11,"RT @Trumpbart: BREAKING: TRUMPBART NEWS HAS OBTAINED AN EXCLUSIVE PHOTO OF MICHELLE FIELDS APPROACHING TRUMP FOR QUESTIONING https://t.co/E‚Ä¶","Dallas Texas"
12,"RT @maxlydic: Give it to them @realDonaldTrump . Trump is backing Cory 150% and he would do the same for us! Trump Rally https://t.co/JNPOO‚Ä¶","USA"
13,"RT @Trumpbart: BREAKING: TRUMPBART NEWS HAS OBTAINED AN EXCLUSIVE PHOTO OF MICHELLE FIELDS APPROACHING TRUMP FOR QUESTIONING https://t.co/E‚Ä¶","Dallas Texas"
14,"RT @cthulhu4america: The solution to global problems is to take over the globe. Trump doesn't even have a plan. #GOPTownHall https://t.co/j‚Ä¶","AZ"
15,"RT @daveweigel: ‚ÄúI can‚Äôt believe Trump is getting away with these obvious lies‚Äù say people who apparently just discovered politics 20 minut‚Ä¶","Lagging Behind"
16,"@jojoh888 Cruz is dangerous he was 4 the refugees but when Trump was against them and winning with the people he changed flipped Flop.","America Land Of The Free"
17,"RT @daveweigel: ‚ÄúI can‚Äôt believe Trump is getting away with these obvious lies‚Äù say people who apparently just discovered politics 20 minut‚Ä¶","Lagging Behind"
18,"@jojoh888 Cruz is dangerous he was 4 the refugees but when Trump was against them and winning with the people he changed flipped Flop.","America Land Of The Free"
19,"RT @HillaryClinton: Donald Trump is running a cynical campaign of hate and fear... he is pitting Americans against each other. https://t.‚Ä¶","Dallas - TX"
20,"RT @sciam: Trump's idiosyncratic patterns of speech are why people tend either to love or hate him https://t.co/QXwquUYQEC https://t.co/Bxb‚Ä¶","Chicago - IL"
21,"@realDonaldTrump Literally can't answer a question and make sense. What about underwater basketweaving? Trump: BUT MUSLIMS #GOPTownHall","Boston - MA"
22,"RT @PennyHicks13: #Wisconsin #WIPrimary Vote #Trump Jobs‚úîÔ∏è Borders‚úîÔ∏è Veterans‚úîÔ∏è 2A‚úîÔ∏è #NoRefugees #AmericaFirst Seize The Momentüá∫üá∏ https‚Ä¶","USA"
23,"RT @bruce_arthur: Trump on Heidi Cruz: I didn't start it. Anderson Cooper: With all due respect that's the argument of a five-year-old‚Ä¶","Fredericton"
24,"RT @PennyHicks13: #Wisconsin #WIPrimary Vote #Trump Jobs‚úîÔ∏è Borders‚úîÔ∏è Veterans‚úîÔ∏è 2A‚úîÔ∏è #NoRefugees #AmericaFirst Seize The Momentüá∫üá∏ https‚Ä¶","USA"
25,"RT @bruce_arthur: Trump on Heidi Cruz: I didn't start it. Anderson Cooper: With all due respect that's the argument of a five-year-old‚Ä¶","Fredericton"
26,"RT @RubinReport: #RegressiveLeft has so effectively silenced sane debate about Radical Islam that Trump's easy answers make sense to many p‚Ä¶","Attack Helicopter"
27,"RT @RubinReport: #RegressiveLeft has so effectively silenced sane debate about Radical Islam that Trump's easy answers make sense to many p‚Ä¶","Attack Helicopter"
28,"RT @lorettatheprole: #GOPTownHall Sylphlike Anderson Cooper telling married family man Trump he's like a 5 year-old for defending his wife'‚Ä¶","Florida"
29,"RT @lorettatheprole: #GOPTownHall Sylphlike Anderson Cooper telling married family man Trump he's like a 5 year-old for defending his wife'‚Ä¶","Florida"
30,"RT @proselaw: ARE ALL MY FRIENDS AND FAMILY EXCITED FOR TRUMP TO BE OUR NEXT PRESIDENT? AAAAA*#HHHHH#AAAAHHHHAAAA!!!! YES!!!!!! https://t.‚Ä¶","Memphis - TN"
31,"RT @sahilkapur: Trump in Janesville re ousting rivals: ‚ÄúWouldn‚Äôt it be nice to have a president who just with his mouth cld make positiv‚Ä¶","Gulf Coast - Texas"
32,"RT @proselaw: ARE ALL MY FRIENDS AND FAMILY EXCITED FOR TRUMP TO BE OUR NEXT PRESIDENT? AAAAA*#HHHHH#AAAAHHHHAAAA!!!! YES!!!!!! https://t.‚Ä¶","Memphis - TN"
33,"RT @EsotericCD: Donald Trump keeps insisting that it was Ted Cruz's people who made that Melania ad. Cooper doesn't bother pushing back o‚Ä¶","Tampa Bay Area - Florida"
34,"RT @sahilkapur: Trump in Janesville re ousting rivals: ‚ÄúWouldn‚Äôt it be nice to have a president who just with his mouth cld make positiv‚Ä¶","Gulf Coast - Texas"
35,"RT @EsotericCD: Donald Trump keeps insisting that it was Ted Cruz's people who made that Melania ad. Cooper doesn't bother pushing back o‚Ä¶","Tampa Bay Area - Florida"
36,"RT @CNN: Bernie Sanders on Trump: Beating up on Mexicans who make 8 bucks an hour is not the answer https://t.co/UYpqI3w42L https://t.co/‚Ä¶","Dubai / Stockholm"
37,"RT @P0TUSTrump: Put CNN on NOW!!! Our beloved Donald Trump is about to speak on the #GOPTownHall .@CNN #MakeAmericaGreatAgain #VoteTrump‚Ä¶","Tampa FL"
38,"RT @CNN: Bernie Sanders on Trump: Beating up on Mexicans who make 8 bucks an hour is not the answer https://t.co/UYpqI3w42L https://t.co/‚Ä¶","Dubai / Stockholm"
39,"RT @sallykohn: Having brave police officers who responded to Sikh temple shooting in Wisconsin challenge Trump on racial profiling = FANTAS‚Ä¶","New York City"
40,"RT @P0TUSTrump: Put CNN on NOW!!! Our beloved Donald Trump is about to speak on the #GOPTownHall .@CNN #MakeAmericaGreatAgain #VoteTrump‚Ä¶","Tampa FL"
41,"RT @scottsands: Trump says he would rather talk about the issues. BS ALERT. Trump doesn't understand the issues. #GOPTownHall https://t.co/‚Ä¶"," 20...1600 Pennsylvania Avenue"
42,"RT @ddale8: Voter asks Trump how to protect the rights of Muslims and other minority groups avoid anti-Muslim backlash. Trump touts his Mu‚Ä¶","San Francisco - CA - USA"
43,"RT @scottsands: Trump says he would rather talk about the issues. BS ALERT. Trump doesn't understand the issues. #GOPTownHall https://t.co/‚Ä¶"," 20...1600 Pennsylvania Avenue"
44,"RT @TemiaBrinson: When will Trump's friends get the balls to have an intervention for him? I believe he needs psychiatric help. #cnntownhall","Milkyway solar system -Universe"
45,"RT @Trump2016Donald: Why is @andersoncooper arguing with Donald Trump. Anderson looks very stupid. #CnnTownHall #Trump2016 #MakeAmericaGrea‚Ä¶","Terra"
46,"RT @ddale8: Voter asks Trump how to protect the rights of Muslims and other minority groups avoid anti-Muslim backlash. Trump touts his Mu‚Ä¶","The 703 - 202 or on the road"
47,"RT @ddale8: Voter asks Trump how to protect the rights of Muslims and other minority groups avoid anti-Muslim backlash. Trump touts his Mu‚Ä¶","The 703 - 202 or on the road"
48,"RT @DGInCa4Trump: Trump is 100% right America should receive compensation from our allies they're already kill us in trade. #cnntownhall‚Ä¶","United States"
49,"RT @DGInCa4Trump: Trump is 100% right America should receive compensation from our allies they're already kill us in trade. #cnntownhall‚Ä¶","United States"
50,"RT @Jeff_Neil525: @Suthen_boy FOLLOW ME FOR TRUMP I'LL FOLLOW BACK THANK YOU FOR KIND WORDS FOR WIFE FIGHTING BREAST CANCER RT https://t‚Ä¶","Virginia"
51,"RT @Jeff_Neil525: @Suthen_boy FOLLOW ME FOR TRUMP I'LL FOLLOW BACK THANK YOU FOR KIND WORDS FOR WIFE FIGHTING BREAST CANCER RT https://t‚Ä¶","Virginia"
52,"RT @sallykohn: Having brave police officers who responded to Sikh temple shooting in Wisconsin challenge Trump on racial profiling = FANTAS‚Ä¶","Staten Island - NY"
53,"RT @sallykohn: Having brave police officers who responded to Sikh temple shooting in Wisconsin challenge Trump on racial profiling = FANTAS‚Ä¶","Staten Island - NY"
54,"RT @ACreativeMuggle: This is the party of family values and decency and Trump is the guy that evangelicals support? https://t.co/vK5cFB4‚Ä¶","Land of Poltical Fools/Texas"
55,"RT @ACreativeMuggle: This is the party of family values and decency and Trump is the guy that evangelicals support? https://t.co/vK5cFB4‚Ä¶","Land of Poltical Fools/Texas"
56,"RT @jamieleecurtis: I respect but disagree with @SusanSarandon. A possible support of Trump over @HillaryClinton is dangerous 2 women min‚Ä¶","Verdun/Montr√©al"
57,"RT @USAHipster: Evangelicals love Donald Trump bc he goes to church. Haven't see Ted Cruz attend church. #wisconsin #goptownhall https://t.‚Ä¶","Nashville "
58,"@OGmage @CNN why are they afraid of freedom of being contrld. Slavery codependency is what the demos &amp; repub want. Trump wants to free u","manvel - texas"
59,"@JonHendricks83 @CheriJacobus Trump has no chance in hell of pulling a majority. Sooner we commit this lunatic to a rubber room the better!","Pompano Beach - Florida USA"
60,"@JonHendricks83 @CheriJacobus Trump has no chance in hell of pulling a majority. Sooner we commit this lunatic to a rubber room the better!","Pompano Beach - Florida USA"
61,"RT @bendykoval: She had a pen in her hand - it could have been a knife! Whoa. Trump REALLY hates women and victims as a whole. #GOPTown‚Ä¶","2.27.16"
62,"RT @bendykoval: She had a pen in her hand - it could have been a knife! Whoa. Trump REALLY hates women and victims as a whole. #GOPTown‚Ä¶","2.27.16"
63,"RT @AmyMek: Thank you Donald Trump for being the ONLY candidate willing to protect Americans from Muslims and Illegals! #GOPTownHall #Trump‚Ä¶","MIAMI / LA"
64,"RT @druidDUDE: What's Trump even saying!? This man asked him a great question about EDUCATING people about minority groups &amp; he can't answe‚Ä¶","w baby brendon "
65,"RT @druidDUDE: What's Trump even saying!? This man asked him a great question about EDUCATING people about minority groups &amp; he can't answe‚Ä¶","w baby brendon "
66,"RT @OutFrontCNN: Anderson Cooper to Donald Trump on Heidi Cruz response: That‚Äôs the argument of a 5-year-old #GOPTownHall https://t.co/HK9s‚Ä¶","In all history - past & present"
67,"RT @OutFrontCNN: Anderson Cooper to Donald Trump on Heidi Cruz response: That‚Äôs the argument of a 5-year-old #GOPTownHall https://t.co/HK9s‚Ä¶","In all history - past & present"
68,"RT @peddoc63: Trump says of #Lewandowski can't watch man's life be destroyed. No problem destroying women's lives! #cnntownhall https://t.c‚Ä¶","USA"
69,"Another corrupt person tied to Clinton‚Äôs. Say it isn‚Äôt so. So discouraged by state of our country sometimes #Trump https://t.co/4TyUtHfJ3B","Kansas City - MO"
70,"RT @JockCartier: Trump is like a toddler banging on pots and pans totally oblivious to that sound travels then wondering how he got caugh‚Ä¶","Calgary - AB"
71,"Another corrupt person tied to Clinton‚Äôs. Say it isn‚Äôt so. So discouraged by state of our country sometimes #Trump https://t.co/4TyUtHfJ3B","Kansas City - MO"
72,"RT @ditzkoff: COOPER: ‚ÄúYou‚Äôre running for president of the United States.‚Äù TRUMP: ‚ÄúI didn‚Äôt start it.‚Äù COOPER: That‚Äôs the argument of a 5-y‚Ä¶","The American Midwest"
73,"RT @JockCartier: Trump is like a toddler banging on pots and pans totally oblivious to that sound travels then wondering how he got caugh‚Ä¶","Calgary - AB"
74,"RT @pbump: Now Trump says the Secret Service might have thought Fields‚Äôs pen was a ‚Äúlittle bomb.‚Äù I swear on a Bible. That is what he sa‚Ä¶","Mid-South"
75,"RT @jimmy_dore: When I meet @andersoncooper I will ask him about how he didn't lay a glove on Trump the day his campaign manager was arrest‚Ä¶","Ft. Lauderdale - FL"
76,"RT @reroll: Retweeted Citizens for Trump (@TimeforTruth16): Senator Ted Cruz Caught Blatantly Lying On Fox News Sunday...... https://t.co/‚Ä¶","New York - USA"
77,"RT @PatrickSvitek: - Trump on Heidi Cruz attack: I didn't start it. - @AndersonCooper: With all due respect that's the argument of a 5-‚Ä¶","Arizona - USA"
78,"RT @PatrickSvitek: - Trump on Heidi Cruz attack: I didn't start it. - @AndersonCooper: With all due respect that's the argument of a 5-‚Ä¶","Arizona - USA"
79,"RT @RedGalBlueState: This is where @AndersonCooper should challenge Trump on accusing Ted Cruz of committing a federal crime. But he won'‚Ä¶","Houston - TX"
80,"RT @RedGalBlueState: This is where @AndersonCooper should challenge Trump on accusing Ted Cruz of committing a federal crime. But he won'‚Ä¶","Houston - TX"
81,"RT @JustinWolfers: Trump's campaign manager who has been charged with assault will be defendend by a lawyer who resigned as US attorney aft‚Ä¶","drought land - usa"
82,"RT @JustinWolfers: Trump's campaign manager who has been charged with assault will be defendend by a lawyer who resigned as US attorney aft‚Ä¶","drought land - usa"
83,"RT @RubinReport: #RegressiveLeft has so effectively silenced sane debate about Radical Islam that Trump's easy answers make sense to many p‚Ä¶","A place in the universe "
84,"RT @jenniferweiner: Q: How do we protect rights of Sikhs who aren't terrorists? Trump: Radical Islamic terrorists! Protect the Second Amend‚Ä¶","San Francisco - CA - USA"
85,"RT @jenniferweiner: Q: How do we protect rights of Sikhs who aren't terrorists? Trump: Radical Islamic terrorists! Protect the Second Amend‚Ä¶","San Francisco - CA - USA"
86,"RT @bk52480: @spandakolis22 @WeNeedHillary Since Bernie beats Trump resoundingly according to the polls I think it's time for HRC to back‚Ä¶","Boston - MA"
87,"RT @bk52480: @spandakolis22 @WeNeedHillary Since Bernie beats Trump resoundingly according to the polls I think it's time for HRC to back‚Ä¶","Boston - MA"
88,"RT @AmyMek: Thank you Donald Trump for being the ONLY candidate willing to protect Americans from Muslims and Illegals! #GOPTownHall #Trump‚Ä¶","Texas - USA"
89,"RT @AmyMek: Thank you Donald Trump for being the ONLY candidate willing to protect Americans from Muslims and Illegals! #GOPTownHall #Trump‚Ä¶","Texas - USA"
90,"RT @TheSetOfAllSets: Donald Trump EMOTIONAL Moment With Dying Miss Wisconsin 2005 Melissa Young At Janesville Rally; #MAGA https://t.co/S5c‚Ä¶","United States"
91,"RT @ninja_kach: Trump just asked a supporter in WI Why do the bikers like me? The supporter yelled Because you don't take anyone's shi‚Ä¶","Missouri - USA"
92,"RT @sahilkapur: Trump: I love the Hispanics. I love the Hispanics. But their leaders are killing us on the border and they're killing us o‚Ä¶","Gulf Coast - Texas"
93,"RT @ninja_kach: Trump just asked a supporter in WI Why do the bikers like me? The supporter yelled Because you don't take anyone's shi‚Ä¶","Missouri - USA"
94,"RT @MrJoshPerry: Donald Trump continues to lie about an ad from a Super PAC that @tedcruz HAD NOTHING TO DO WITH. Cruz even condemned it!‚Ä¶","New York - NY"
95,"RT @ErikaMasonhall: JUST ANNOUNCED: @hardball_chris moderates an MSNBC Town Hall w/ Donald Trump in Wisconsin. Airs Wed 3/30 at 8pm ET http‚Ä¶","Branford - CT"
96,"RT @ErikaMasonhall: JUST ANNOUNCED: @hardball_chris moderates an MSNBC Town Hall w/ Donald Trump in Wisconsin. Airs Wed 3/30 at 8pm ET http‚Ä¶","Branford - CT"
97,"RT @PatrickSvitek: - Trump on Heidi Cruz attack: I didn't start it. - @AndersonCooper: With all due respect that's the argument of a 5-‚Ä¶","Austin - Texas"
98,"RT @Bill_Parent: Best Headline of the Day: Lawyer For Top Trump Aide Resigned As US Atty After Allegedly Biting Stripper @TPM https://t.c‚Ä¶","Metro NY"
99,"RT @PatrickSvitek: - Trump on Heidi Cruz attack: I didn't start it. - @AndersonCooper: With all due respect that's the argument of a 5-‚Ä¶","Austin - Texas"
100,"RT @Bill_Parent: Best Headline of the Day: Lawyer For Top Trump Aide Resigned As US Atty After Allegedly Biting Stripper @TPM https://t.c‚Ä¶","Metro NY"
101,"RT @AndyCobb: I wonder how CNN selected these carefully crafted questions for Trump to ignore and talk about whatever the hell he wants? #G‚Ä¶","Maryland - USA"
102,"mashable : RT MashableNews: Anderson Cooper gets tough on Trump: That's the argument of a‚Ä¶ https://t.co/zMAMFuwcXK) https://t.co/5fdZpXzEGU","Dhaka"
103,"mashable : RT MashableNews: Anderson Cooper gets tough on Trump: That's the argument of a‚Ä¶ https://t.co/zMAMFuwcXK) https://t.co/5fdZpXzEGU","Dhaka"
104,"RT @daveweigel: ‚ÄúI can‚Äôt believe Trump is getting away with these obvious lies‚Äù say people who apparently just discovered politics 20 minut‚Ä¶","√úT: 34.068722 --118.364146"
105,"RT @cjwerleman: Anderson Cooper let Trump tell 3 absolute lies about Islamic terrorism and didn't ask a single question re lies. #GOPTown‚Ä¶","Inside the beltway!"
106,"RT @realDonaldTrump: Final #'s just announced in the GREAT State of MO. TRUMP WINS! New certified #'s show a 365 vote increase for me- @ le‚Ä¶","United States"
107,"RT @realDonaldTrump: Final #'s just announced in the GREAT State of MO. TRUMP WINS! New certified #'s show a 365 vote increase for me- @ le‚Ä¶","United States"
108,"The 6 Worst Moments Of Trump‚Äôs Press Conference Defending His Campaign Manager Accused Of Battery https://t.co/YZlO6Z9H2F via @thinkprogress","Halifax - Nova Scotia"
109,"RT @ditzkoff: COOPER: ‚ÄúYou‚Äôre running for president of the United States.‚Äù TRUMP: ‚ÄúI didn‚Äôt start it.‚Äù COOPER: That‚Äôs the argument of a 5-y‚Ä¶","Miami - FL"
110,"RT @Trump2016Donald: Why is @andersoncooper arguing with Donald Trump. Anderson looks very stupid. #CnnTownHall #Trump2016 #MakeAmericaGrea‚Ä¶","south carolina"
111,"RT @Trump2016Donald: Why is @andersoncooper arguing with Donald Trump. Anderson looks very stupid. #CnnTownHall #Trump2016 #MakeAmericaGrea‚Ä¶","south carolina"
112,"RT @PatrickSvitek: - Trump on Heidi Cruz attack: I didn't start it. - @AndersonCooper: With all due respect that's the argument of a 5-‚Ä¶","Cajun country!"
113,"RT @realDonaldTrump: Final #'s just announced in the GREAT State of MO. TRUMP WINS! New certified #'s show a 365 vote increase for me- @ le‚Ä¶","Trump Tower"
114,"RT @realDonaldTrump: Final #'s just announced in the GREAT State of MO. TRUMP WINS! New certified #'s show a 365 vote increase for me- @ le‚Ä¶","Trump Tower"
115,"RT @ddale8: Voter asks Trump how to protect the rights of Muslims and other minority groups avoid anti-Muslim backlash. Trump touts his Mu‚Ä¶","Washington - DC "
116,"RT @ddale8: Voter asks Trump how to protect the rights of Muslims and other minority groups avoid anti-Muslim backlash. Trump touts his Mu‚Ä¶","Washington - DC "
117,"RT @RubinReport: #RegressiveLeft has so effectively silenced sane debate about Radical Islam that Trump's easy answers make sense to many p‚Ä¶","The West"
118,"RT @RLady_LWorld: Trump denies his behavior is that of a 5 year old and then continues to lash out like a petulant child. #GOPTownHall #Ne‚Ä¶","The Real Maine"
119,"RT @RLady_LWorld: Trump denies his behavior is that of a 5 year old and then continues to lash out like a petulant child. #GOPTownHall #Ne‚Ä¶","The Real Maine"
120,"RT @daveweigel: ‚ÄúI can‚Äôt believe Trump is getting away with these obvious lies‚Äù say people who apparently just discovered politics 20 minut‚Ä¶","New York"
121,"RT @FemalesForTrump: Celebrate @realDonaldTrump prestigious family! #Trump has a huge heart ‚ù§Ô∏è for family community vets &amp; Americans. ht‚Ä¶","Pennsylvania"
122,"RT @TexasChance: Trump is whittling away his support base starting with people who think. All that's left is poor white male humans. And H‚Ä¶","Illinois"
123,"RT @RubinReport: #RegressiveLeft has so effectively silenced sane debate about Radical Islam that Trump's easy answers make sense to many p‚Ä¶","Atlanta Metro - Ga"
124,"RT @FemalesForTrump: Celebrate @realDonaldTrump prestigious family! #Trump has a huge heart ‚ù§Ô∏è for family community vets &amp; Americans. ht‚Ä¶","Pennsylvania"
125,"RT @TexasChance: Trump is whittling away his support base starting with people who think. All that's left is poor white male humans. And H‚Ä¶","Illinois"
126,"RT @larryelder: CNN asked women why they support Trump. Will they ask blacks why the loyalty to Obama despite poor black economy? https://t‚Ä¶","United States"
127,"RT @ditzkoff: COOPER: ‚ÄúYou‚Äôre running for president of the United States.‚Äù TRUMP: ‚ÄúI didn‚Äôt start it.‚Äù COOPER: That‚Äôs the argument of a 5-y‚Ä¶","New York - NY"
128,"RT @larryelder: CNN asked women why they support Trump. Will they ask blacks why the loyalty to Obama despite poor black economy? https://t‚Ä¶","United States"
129,"RT @PatrickSvitek: - Trump on Heidi Cruz attack: I didn't start it. - @AndersonCooper: With all due respect that's the argument of a 5-‚Ä¶"," Ft. Lauderdale‚úàPhiladelphia"
130,"RT @RubinReport: #RegressiveLeft has so effectively silenced sane debate about Radical Islam that Trump's easy answers make sense to many p‚Ä¶","Atlanta Metro - Ga"
131,"RT @PatrickSvitek: - Trump on Heidi Cruz attack: I didn't start it. - @AndersonCooper: With all due respect that's the argument of a 5-‚Ä¶"," Ft. Lauderdale‚úàPhiladelphia"
132,"RT @MrEdTrain: VIDEO=&gt; Anti-Trump Protester SLUGS Elderly Trump Supporter in the Face https://t.co/t7IxcOfkL6 @gatewaypundit https://t.co/K‚Ä¶","Tennessee"
133,"RT @MrEdTrain: VIDEO=&gt; Anti-Trump Protester SLUGS Elderly Trump Supporter in the Face https://t.co/t7IxcOfkL6 @gatewaypundit https://t.co/K‚Ä¶","Tennessee"
134,"trumps manager did nothing wrong.. all he did was pull the reporter off (of) trump. people take things to seriously these days. #GOPTownHall","mattie"
135,"RT @pbump: Now Trump says the Secret Service might have thought Fields‚Äôs pen was a ‚Äúlittle bomb.‚Äù I swear on a Bible. That is what he sa‚Ä¶","Fruita - CO"
136,"trumps manager did nothing wrong.. all he did was pull the reporter off (of) trump. people take things to seriously these days. #GOPTownHall","mattie"
137,"RT @noopdoggy: IF U ARE WATCHING CNN MSNBC FOX U R AN ENABLER OF LIES BIAS &amp; BS. PLEASE STOP WATCHING ANTI TRUMP CHANNELS NOW! RT https://t‚Ä¶","Florida - USA"
138,"RT @pbump: Now Trump says the Secret Service might have thought Fields‚Äôs pen was a ‚Äúlittle bomb.‚Äù I swear on a Bible. That is what he sa‚Ä¶","Fruita - CO"
139,"RT @cnnbrk: Trump doubles down: I'm only person running who can solve terrorism. Follow https://t.co/lPKDZsmodc #GOPTownHall https://t.co‚Ä¶","Miami Beach - Florida"
140,"The history of the @GOP from its founding in #Wisconsin in March 1854 through the years has now brought us to #Trump https://t.co/L2rMA4W7Xu","Washington - DC"
141,"RT @memearchive: If Trump üëπ Wins The Election üò°üìùüéüI Am Moving üöö Out Of The Country ‚úàÔ∏èüì¶üèÉüèº Goodbyeüò∞üëãüèΩüõ´ America üá∫üá∏üíî Hello üòçüëãüèΩ Flavortown üëÖüëÄüòçüòàüí¶üå∏‚Ä¶","nghs ‚úò texas"
142,"RT @bruce_arthur: Trump on Heidi Cruz: I didn't start it. Anderson Cooper: With all due respect that's the argument of a five-year-old‚Ä¶","pursued by a bear"
143,"RT @bruce_arthur: Trump on Heidi Cruz: I didn't start it. Anderson Cooper: With all due respect that's the argument of a five-year-old‚Ä¶","pursued by a bear"
144,"RT @pivit: Trump's odds to be the nominee have crashed from 74% to 66% since this morning on https://t.co/V3XYRfmx9Q https://t.co/94SL2W4BzH","Collegedale - TN"
145,"RT @CNN: Donald Trump says Corey Lewandowski will continue as his campaign manager https://t.co/y61XSm9PDg #GOPTownHall https://t.co/SEp7pj‚Ä¶","The Clouds!"
146,"RT @CNN: Donald Trump says Corey Lewandowski will continue as his campaign manager https://t.co/y61XSm9PDg #GOPTownHall https://t.co/SEp7pj‚Ä¶","The Clouds!"
147,"RT @JamesFallows: Hey Anderson Cooper PLEASE FOR THE LOVE OF GOD don‚Äôt let Trump KEEP saying that China is DE-valuing. They‚Äôre trying the r‚Ä¶","vero beach - florida"
148,"RT @SueinRockville: @jimjnowicki @cindypope @esweendog85 Taking Trump DOWN! Please RT Wanna-be Emperor Drumpf Really Has No Clothes https‚Ä¶","Chicago"
149,"RT @reidepstein: Trump gets a thoughtful question about turban-wearing sikhs being discriminated against and talks instead about Islamic te‚Ä¶","Canada & United States"
150,"RT @SueinRockville: @jimjnowicki @cindypope @esweendog85 Taking Trump DOWN! Please RT Wanna-be Emperor Drumpf Really Has No Clothes https‚Ä¶","Chicago"
151,"RT @reidepstein: Trump gets a thoughtful question about turban-wearing sikhs being discriminated against and talks instead about Islamic te‚Ä¶","Canada & United States"
152,"RT @Deanofcomedy: Latinos +Muslims should root for Trump to be GOP nominee. Why? It will cause both to get into politics more. My CNN https‚Ä¶","New York"
153,"RT @bennydiego: Trump &amp; Cruz are 2 immature ignorant inept idiots. They are both unfit to be President of the U.S.A. #GOPTownHall https:/‚Ä¶","Brookdale - CA"
154,"RT @Deanofcomedy: Latinos +Muslims should root for Trump to be GOP nominee. Why? It will cause both to get into politics more. My CNN https‚Ä¶","New York"
155,"RT @bennydiego: Trump &amp; Cruz are 2 immature ignorant inept idiots. They are both unfit to be President of the U.S.A. #GOPTownHall https:/‚Ä¶","Brookdale - CA"
156,"Morris: 70% of American Women Have a Negative Opinion of Trump! This is Why Trump is Slipping in Polls #pjnet #tcot https://t.co/KLgVWz59BF","Raised in Montana - Now Florida"
157,"RT @asamjulian: Trump is saying he wants other countries to be able to protect themselves rather than us spend money to protect them. #GOPT‚Ä¶","Somewhere In Time"
158,"Morris: 70% of American Women Have a Negative Opinion of Trump! This is Why Trump is Slipping in Polls #pjnet #tcot https://t.co/KLgVWz59BF","Raised in Montana - Now Florida"
159,"RT @RubinReport: #RegressiveLeft has so effectively silenced sane debate about Radical Islam that Trump's easy answers make sense to many p‚Ä¶","East San Francisco Bay - CA"
160,"RT @SurfPHX: Cooper as usual your tone with Mr. Trump SUCKS.üò† üîπ#WisconsinTownHall üîπ#WIPrimary üîπ#VoteTrump @andersoncooper @realDonaldT‚Ä¶","United States"
161,"RT @MZHemingway: ‚ÄúWith all due respect that‚Äôs an argument of a 5-year-old.‚Äù ‚Äî @andersoncooper responding to Donald J. Trump‚Äôs very manly ‚Äú‚Ä¶","Washington - DC"
162,"RT @SurfPHX: Cooper as usual your tone with Mr. Trump SUCKS.üò† üîπ#WisconsinTownHall üîπ#WIPrimary üîπ#VoteTrump @andersoncooper @realDonaldT‚Ä¶","United States"
163,"RT @matlockfan1488: According to FL law this is enough to have Michelle Fields charged w/ battery against Trump; it's unwanted touching ht‚Ä¶","Florida - USA"
164,"RT @MZHemingway: ‚ÄúWith all due respect that‚Äôs an argument of a 5-year-old.‚Äù ‚Äî @andersoncooper responding to Donald J. Trump‚Äôs very manly ‚Äú‚Ä¶","Washington - DC"
165,"RT @matlockfan1488: According to FL law this is enough to have Michelle Fields charged w/ battery against Trump; it's unwanted touching ht‚Ä¶","Florida - USA"
166,"RT @CryBabyPrize: If Donald Trump weren't dominating the coverage in this election Bernie Sanders would be the big story. https://t.co/rpC‚Ä¶","Texas - USA"
167,"RT @ElianaBenador: @SpreadButter @WhiteGenocideTM @realDonaldTrump Two days ago Trump's Jewish grandson was born. The man is NOT a nazi. Be‚Ä¶","USA"
168,"RT @CryBabyPrize: If Donald Trump weren't dominating the coverage in this election Bernie Sanders would be the big story. https://t.co/rpC‚Ä¶","Texas - USA"
169,"RT @ElianaBenador: @SpreadButter @WhiteGenocideTM @realDonaldTrump Two days ago Trump's Jewish grandson was born. The man is NOT a nazi. Be‚Ä¶","USA"
170,"RT @StopTrumpPAC: CONSERVATIVE CONSERVATIVES! Check Out Our Guide Of Non Trump True Conservatives In The Media https://t.co/V7e3jjwK5k http‚Ä¶","All over God's green earth"
171,"RT @StopTrumpPAC: CONSERVATIVE CONSERVATIVES! Check Out Our Guide Of Non Trump True Conservatives In The Media https://t.co/V7e3jjwK5k http‚Ä¶","All over God's green earth"
172,"RT @PatrickSvitek: - Trump on Heidi Cruz attack: I didn't start it. - @AndersonCooper: With all due respect that's the argument of a 5-‚Ä¶","Cheverly - MD"
173,"RT @PatrickSvitek: - Trump on Heidi Cruz attack: I didn't start it. - @AndersonCooper: With all due respect that's the argument of a 5-‚Ä¶","Cheverly - MD"
174,"RT @TeamTrumpNC: lol @AC360 brings up the spouse drama &amp; then asks Trump why he can't let it go? Hmmm. Isn't that pot calling kettle bla‚Ä¶","Texas - USA"
175,"RT @EsotericCD: Donald Trump keeps insisting that it was Ted Cruz's people who made that Melania ad. Cooper doesn't bother pushing back o‚Ä¶","Between chair and keyboard"
176,"@Johnatsrs1949 A Trump win can bring back some common sense in the country as well as in Wisconsin.Flourish in jobs+Families-would be niceRT","NH"
177,"RT @JonFeere: Trump on refugees: we have no idea who they are...they have no identification...and it's going to be a big problem #GOPTown‚Ä¶","Tennessee - USA"
178,"RT @JonFeere: Trump on refugees: we have no idea who they are...they have no identification...and it's going to be a big problem #GOPTown‚Ä¶","Tennessee - USA"
179,"RT @Rockprincess818: Wisconsin press conference Trump was adamant. There is no way Corey will be relieved of his duties. #Trump2016 https‚Ä¶","Save Christianity~Say No2Islam"
180,"RT @Rockprincess818: Wisconsin press conference Trump was adamant. There is no way Corey will be relieved of his duties. #Trump2016 https‚Ä¶","Save Christianity~Say No2Islam"
181,"RT @The_Trump_Train: üí¢üö®POLL ALERTüö®üí¢ Trump steadily rising 2 points away from 50% nationally. Somehow @tedcruz will say he's winning... ht‚Ä¶","Virginia"
182,"RT @The_Trump_Train: üí¢üö®POLL ALERTüö®üí¢ Trump steadily rising 2 points away from 50% nationally. Somehow @tedcruz will say he's winning... ht‚Ä¶","Virginia"
183,"RT @Drudge_Report_: VIDEO: #Trump emotional moment with Former Miss #Wisconsin who has #terminal illness... 'You saved me'... https://t.co/‚Ä¶","a wondering Catholic Jew"
184,"RT @KeithOlbermann: It's mightier than the sword RT @pbump Trump also says it may have ‚Äújust been a pen which is also very dan‚Ä¶ https://t.‚Ä¶","Tehran"
185,"RT @Drudge_Report_: VIDEO: #Trump emotional moment with Former Miss #Wisconsin who has #terminal illness... 'You saved me'... https://t.co/‚Ä¶","a wondering Catholic Jew"
186,"RT @benshapiro: Trump lies. He is informed he lied. Trump lies again. He is informed he lied. Trump tells a third lie on a different topic‚Ä¶","Jerusalem!"
187,"RT @benshapiro: Trump lies. He is informed he lied. Trump lies again. He is informed he lied. Trump tells a third lie on a different topic‚Ä¶","Jerusalem!"
188,"RT @CNN: Donald Trump says Corey Lewandowski will continue as his campaign manager https://t.co/y61XSm9PDg #GOPTownHall https://t.co/SEp7pj‚Ä¶","Pittsburgh - PA"
189,"RT @rebeccagberg: Edward Bulwer-Lytton 1839: The pen is mightier than the sword. Trump 2016: It could have just been a pen which is v‚Ä¶","Here. "
190,"@Bwana86 @Deir_in_DC @ranncore @CassandraRules @IamDeanWayne That awkward moment when Hillary sounds more like a Republican than Trump does.","[BHM] / MIA / DXB / AMM"
191,"@Bwana86 @Deir_in_DC @ranncore @CassandraRules @IamDeanWayne That awkward moment when Hillary sounds more like a Republican than Trump does.","[BHM] / MIA / DXB / AMM"
192,"RT @Johnatsrs1949: &gt;&gt;&gt;&gt;&gt;&gt;&gt;&gt;&gt;&gt;&gt;&gt;&gt;&gt;Get out the VOTE in Wisconsin**A Big Win Can Lock Up the NE States..............**GO TRUMP 2016** http‚Ä¶","Nashville - TN"
193,"RT @Johnatsrs1949: &gt;&gt;&gt;&gt;&gt;&gt;&gt;&gt;&gt;&gt;&gt;&gt;&gt;&gt;Get out the VOTE in Wisconsin**A Big Win Can Lock Up the NE States..............**GO TRUMP 2016** http‚Ä¶","Nashville - TN"
194,"RT @FoxNews: .@benshapiro: This is the Trump campaign: where lies are told &amp; then lies are told to cover up the lies... https://t.co/4XC‚Ä¶","united states of america"
195,"RT @FoxNews: .@benshapiro: This is the Trump campaign: where lies are told &amp; then lies are told to cover up the lies... https://t.co/4XC‚Ä¶","united states of america"
196,"RT @druidDUDE: What's Trump even saying!? This man asked him a great question about EDUCATING people about minority groups &amp; he can't answe‚Ä¶","Los Angeles - CA"
197,"RT @peaceandjoy101: Donald Trump is giving a public spanking to Anderson Cooper! #Trump will not let his words be twisted. No fun for Ande‚Ä¶","North America"
198,"RT @druidDUDE: What's Trump even saying!? This man asked him a great question about EDUCATING people about minority groups &amp; he can't answe‚Ä¶","Los Angeles - CA"
199,"RT @peaceandjoy101: Donald Trump is giving a public spanking to Anderson Cooper! #Trump will not let his words be twisted. No fun for Ande‚Ä¶","North America"
200,"RT @ditzkoff: COOPER: ‚ÄúYou‚Äôre running for president of the United States.‚Äù TRUMP: ‚ÄúI didn‚Äôt start it.‚Äù COOPER: That‚Äôs the argument of a 5-y‚Ä¶","Doylestown - Pa "
201,"RT @hunterschwarz: Case against Trump campaign manager has the most corroborating evidence I‚Äôve seen in a battery case in a long time‚Äù htt‚Ä¶","Weston - FL"
202,"RT @ditzkoff: COOPER: ‚ÄúYou‚Äôre running for president of the United States.‚Äù TRUMP: ‚ÄúI didn‚Äôt start it.‚Äù COOPER: That‚Äôs the argument of a 5-y‚Ä¶","Doylestown - Pa "
203,"@VeeVee @RealJoeBivens Not to be mean but there's no hope for u. Vote trump. Get a war-INCITING climate-change-denying crazy as fuck bigot","Orange County - CA"
204,"RT @joelbousley: Trump is so pathetic all he can do is bring up Benghazi. Lame. This man is a snake oil salesman if ever there was one. #GO‚Ä¶","Portland - OR"
205,"RT @ggreenwald: The media spent all day claiming @SusanSarandon said she might vote for Trump. A total fabrication but whatever... https:/‚Ä¶","London"
206,"RT @ggreenwald: The media spent all day claiming @SusanSarandon said she might vote for Trump. A total fabrication but whatever... https:/‚Ä¶","London"
207,"RT @Deanofcomedy: Latinos +Muslims should root for Trump to be GOP nominee. Why? It will cause both to get into politics more. My CNN https‚Ä¶","Washington - DC"
208,"RT @Deanofcomedy: Latinos +Muslims should root for Trump to be GOP nominee. Why? It will cause both to get into politics more. My CNN https‚Ä¶","Washington - DC"
209,"RT @gastonmooney: Trump is the Oprah of nuclear weapons.... You get one you get one you get one....everyone gets one!!!! https://t.co/A‚Ä¶","United States"
210,"RT @gastonmooney: Trump is the Oprah of nuclear weapons.... You get one you get one you get one....everyone gets one!!!! https://t.co/A‚Ä¶","United States"
211,"RT @immigrant4trump: Trump EMOTIONAL Moment With Miss Wisconsin 2005 Melissa Young struggles with an incurable disease #GOPTownHall https:/‚Ä¶","California - USA"
212,"RT @thewobbleeffect: Trump's own surveillance camera proves his campaign manager lied about grabbing reporter https://t.co/NQ92hDCXmk by @R‚Ä¶","Austin - TX"
213,"RT @THETXEMBASSY: Trump &amp; Friends‚úå TrumpBart Hannity and Trumpüëá Re @greta phone~a~Trump The Conservative World Todayüëã Judge J &amp; Trumpüëå http‚Ä¶","Red State La. "
214,"RT @truevineflorida: Cruz: Lewandowski Battery Charge a 'Consequence of the Culture of the Trump Campaign' - Breitbart: https://t.co/1WNHyt‚Ä¶","Roseville - CA"
215,"RT @truevineflorida: Cruz: Lewandowski Battery Charge a 'Consequence of the Culture of the Trump Campaign' - Breitbart: https://t.co/1WNHyt‚Ä¶","Roseville - CA"
216,"RT @daveweigel: ‚ÄúI can‚Äôt believe Trump is getting away with these obvious lies‚Äù say people who apparently just discovered politics 20 minut‚Ä¶","Singapore"
217,"RT @daveweigel: ‚ÄúI can‚Äôt believe Trump is getting away with these obvious lies‚Äù say people who apparently just discovered politics 20 minut‚Ä¶","Singapore"
218,"What will you do to protect religious minorities? Nothing. Do you trust Muslims? No. Trump would make bad policy &amp; law for all ppl of faith.","DFW - Texas"
219,"RT @K8brannen: Trump is incoherent. He wants to shrink US military footprint worldwide at the same time he proposes growing the military bi‚Ä¶","U.S. East Coast "
220,"RT @K8brannen: Trump is incoherent. He wants to shrink US military footprint worldwide at the same time he proposes growing the military bi‚Ä¶","U.S. East Coast "
221,"RT @RobertPicardo: Watching Trump take questions on his jet in Wisconsin. Either he's totally off his meds today or his blood is at toxic N‚Ä¶","Roswell - GA"
222,"#CruzSexScandal ha ha Lyin' Ted says Trump needs to come clean about campaign manager. Has he forgotten something? Like the 5 women he was","Holualoa - HI"
223,"RT @tjholmes: Asked about the back &amp; forth about their wives Trump says: I didn't start it. Anderson: that's the argument of 5 year old‚Ä¶"," Los Angeles County"
224,"RT @OSPREY675: @megynkelly Ask this question: What was Michelle Fields doing in the crowded walkway while Trump &amp; Secret Service were rushi‚Ä¶","San Tan Valley - AZ"
225,"RT @chaunceydevega: Donald Trump bloviates ammosexual fantasies about good guys with guns . Fools think they are Dirty Harry. #goptownha‚Ä¶","Bumfuck nowhere"
226,"RT @tjholmes: Asked about the back &amp; forth about their wives Trump says: I didn't start it. Anderson: that's the argument of 5 year old‚Ä¶"," Los Angeles County"
227,"RT @bennydiego: Trump &amp; Cruz are 2 immature ignorant inept idiots. They are both unfit to be President of the U.S.A. #GOPTownHall https:/‚Ä¶","DC"
228,"RT @OSPREY675: @megynkelly Ask this question: What was Michelle Fields doing in the crowded walkway while Trump &amp; Secret Service were rushi‚Ä¶","San Tan Valley - AZ"
229,"RT @bennydiego: Trump &amp; Cruz are 2 immature ignorant inept idiots. They are both unfit to be President of the U.S.A. #GOPTownHall https:/‚Ä¶","DC"
230,"RT @Eric_the_bench: @Schneider_CM @Anomaly100 exec orders per yr for every president. Trump loves his low information flock. https://t.co/D‚Ä¶","NYC"
231,"#CruzSexScandal ha ha Lyin' Ted says Trump needs to come clean about campaign manager. Has he forgotten something? Like the 5 women he was","Holualoa - HI"
232,"RT @Eric_the_bench: @Schneider_CM @Anomaly100 exec orders per yr for every president. Trump loves his low information flock. https://t.co/D‚Ä¶","NYC"
233,"RT @ditzkoff: COOPER: ‚ÄúYou‚Äôre running for president of the United States.‚Äù TRUMP: ‚ÄúI didn‚Äôt start it.‚Äù COOPER: That‚Äôs the argument of a 5-y‚Ä¶","Texas"
234,"RT @TheRickWilson: Let me rephrase. If you look at Trump's behavior and don't think My GOD HE'S INSANE! then please never vote. For the l‚Ä¶","Appleton - WI"
235,"RT @RaniaKhalek: We have to wipe ISIS off the face of the earth fast &amp; violently Trump response to question on how to protect Sikhs from‚Ä¶","Half blood Syrian/Gryffindor. "
236,"RT @JamesFallows: Hey Anderson Cooper PLEASE FOR THE LOVE OF GOD don‚Äôt let Trump KEEP saying that China is DE-valuing. They‚Äôre trying the r‚Ä¶","Vancouver - WA - USA"
237,"RT @druidDUDE: What's Trump even saying!? This man asked him a great question about EDUCATING people about minority groups &amp; he can't answe‚Ä¶","My home the road"
238,"RT @JamesFallows: Hey Anderson Cooper PLEASE FOR THE LOVE OF GOD don‚Äôt let Trump KEEP saying that China is DE-valuing. They‚Äôre trying the r‚Ä¶","Vancouver - WA - USA"
239,"RT @druidDUDE: What's Trump even saying!? This man asked him a great question about EDUCATING people about minority groups &amp; he can't answe‚Ä¶","My home the road"
240,"RT @OutFrontCNN: Anderson Cooper to Donald Trump on Heidi Cruz response: That‚Äôs the argument of a 5-year-old #GOPTownHall https://t.co/HK9s‚Ä¶","Toronto"
241,"RT @realDonaldTrump: Final #'s just announced in the GREAT State of MO. TRUMP WINS! New certified #'s show a 365 vote increase for me- @ le‚Ä¶","Lagrange Ky"
242,"RT @OutFrontCNN: Anderson Cooper to Donald Trump on Heidi Cruz response: That‚Äôs the argument of a 5-year-old #GOPTownHall https://t.co/HK9s‚Ä¶","Toronto"
243,"RT @Johnatsrs1949: &gt;&gt;&gt;&gt;&gt;&gt;&gt;&gt;&gt;&gt;&gt;&gt;&gt;&gt;Get out the VOTE in Wisconsin**A Big Win Can Lock Up the NE States..............**GO TRUMP 2016** http‚Ä¶","Michigan - USA"
244,"RT @kincannon_show: If you're for Trump be *for* Trump. If you're for Cruz be *for* Cruz. But don't be *against* anybody in a primary. Al‚Ä¶","Neenah - Wi"
245,"RT @NateSilver538: The legal affairs section of Trump's Wiki page is 4252 words long. So much opposition research ground for Clinton. htt‚Ä¶","Mount Holly - NJ"
246,"RT @SooperMexican: Nearly every detail Trump told about the San Berdoo neighbor is a complete fabrication. @AndersonCooper just sat there.‚Ä¶","Proud Bostonian"
247,"RT @NateSilver538: The legal affairs section of Trump's Wiki page is 4252 words long. So much opposition research ground for Clinton. htt‚Ä¶","Mount Holly - NJ"
248,"RT @SooperMexican: Nearly every detail Trump told about the San Berdoo neighbor is a complete fabrication. @AndersonCooper just sat there.‚Ä¶","Proud Bostonian"
249,"RT @SooperMexican: Nearly every detail Trump told about the San Berdoo neighbor is a complete fabrication. @AndersonCooper just sat there.‚Ä¶","Louisiana"
250,"RT @PFTCommenter: If your in the crowd at the GOP town hall and ask Trump if hes reversed his stance on Joe Flacco I will venmo u 500$ http‚Ä¶","NOLA"
251,"RT @PFTCommenter: If your in the crowd at the GOP town hall and ask Trump if hes reversed his stance on Joe Flacco I will venmo u 500$ http‚Ä¶","NOLA"
252,"RT @EsotericCD: Donald Trump keeps insisting that it was Ted Cruz's people who made that Melania ad. Cooper doesn't bother pushing back o‚Ä¶","Under Surveillance "
253,"RT @EsotericCD: Donald Trump keeps insisting that it was Ted Cruz's people who made that Melania ad. Cooper doesn't bother pushing back o‚Ä¶","Under Surveillance "
254,"RT @PatrickSvitek: - Trump on Heidi Cruz attack: I didn't start it. - @AndersonCooper: With all due respect that's the argument of a 5-‚Ä¶","Los Angeles"
255,"RT @PatrickSvitek: - Trump on Heidi Cruz attack: I didn't start it. - @AndersonCooper: With all due respect that's the argument of a 5-‚Ä¶","Los Angeles"
256,"RT @ChickenParmPete: I do not understand how someone can watch Donald Trump and think Yeah that's my guy. This man is a fucking clown an‚Ä¶","Carbondale - IL"
257,"RT @PatrickSvitek: - Trump on Heidi Cruz attack: I didn't start it. - @AndersonCooper: With all due respect that's the argument of a 5-‚Ä¶","O Fallon - Missouri"
258,"RT @ChickenParmPete: I do not understand how someone can watch Donald Trump and think Yeah that's my guy. This man is a fucking clown an‚Ä¶","Carbondale - IL"
259,"As you can hear unlike Cruz Trump will answer all questions directed at him without any avoidance so refreshing to hear someone not being PC","Rancho Cucamonga - CA"
260,"RT @WHLPJr: Holy shit Trump's nuclear proliferation/non-proliferation/YOLO word diarrhea in this town hall makes me yearn for an ice pick t‚Ä¶","Palos Heights - Illinois"
261,"RT @Realjmannarino: #GOPTownHall Drinking Game: Every time Donald Trump says excuse me take a shot. You may be passed out by the time 10:‚Ä¶"," "
262,"RT @WHLPJr: Holy shit Trump's nuclear proliferation/non-proliferation/YOLO word diarrhea in this town hall makes me yearn for an ice pick t‚Ä¶","Palos Heights - Illinois"
263,"RT @Realjmannarino: #GOPTownHall Drinking Game: Every time Donald Trump says excuse me take a shot. You may be passed out by the time 10:‚Ä¶"," "
264,"RT @sallykohn: Please oh please Trump voters. We'll fix the economy create good jobs try to help however we can -- but PLEASE DON'T VOT‚Ä¶","Lacey - WA"
265,"RT @sallykohn: Please oh please Trump voters. We'll fix the economy create good jobs try to help however we can -- but PLEASE DON'T VOT‚Ä¶","Lacey - WA"
266,"RT @LadyLNorth: It's just not possible for Trump to imagine people supporting anyone but him. He lives in a bubble of sycophants. https://t‚Ä¶","Gulf coast"
267,"RT @LadyLNorth: It's just not possible for Trump to imagine people supporting anyone but him. He lives in a bubble of sycophants. https://t‚Ä¶","Gulf coast"
268,"RT @SpeakWilliams: Yall think Trump is face of racism? No he's the older face some younger faces live in the city with tattoos small t-shi‚Ä¶","North Side Columbus"
269,"RT @SpeakWilliams: Yall think Trump is face of racism? No he's the older face some younger faces live in the city with tattoos small t-shi‚Ä¶","North Side Columbus"
270,"RT @harikondabolu: There is currently a debate on CNN between Donald Trump &amp; Anderson Cooper about when to RETWEET. This is happening. #GOP‚Ä¶","Earth"
271,"RT @harikondabolu: There is currently a debate on CNN between Donald Trump &amp; Anderson Cooper about when to RETWEET. This is happening. #GOP‚Ä¶","Earth"
272,"RT @AriMelber: Trump's new defense of Lewandowski seems to assume a campaign manager is responsible for security &amp; use of force not the Se‚Ä¶","Show Me Misery"
273,"RT @SIERRADEDORADO7: .@CNNPolitics Donald Trump EMOTIONAL Moment With Dying Miss Wisconsin 2005 Melissa Young At Janesville Rally https://t‚Ä¶","Lincoln - NE"
274,"RT @SIERRADEDORADO7: .@CNNPolitics Donald Trump EMOTIONAL Moment With Dying Miss Wisconsin 2005 Melissa Young At Janesville Rally https://t‚Ä¶","Lincoln - NE"
275,"RT @PatrickRuffini: So sick and tired of reporters who think tweeting snarky things about Trump is doing their jobs. Call him a liar. To hi‚Ä¶","Mid-South"
276,"RT @sallykohn: Having brave police officers who responded to Sikh temple shooting in Wisconsin challenge Trump on racial profiling = FANTAS‚Ä¶","Milano"
277,"RT @Billright50: Trump killing it on CNN with Anderson Cooper New polls have Trump at or over 50% Makeamericagreatagain wakeupamerica Wisco‚Ä¶","Lutherville MD"
278,"RT @Billright50: Trump killing it on CNN with Anderson Cooper New polls have Trump at or over 50% Makeamericagreatagain wakeupamerica Wisco‚Ä¶","Lutherville MD"
279,"RT @winbackfreedom: Trump is the only one who answers questions with strength directness &amp; clarity. #GOPTownHall #WisconsinPrimary #Wiscon‚Ä¶","Tennessee - USA"
280,"RT @winbackfreedom: Trump is the only one who answers questions with strength directness &amp; clarity. #GOPTownHall #WisconsinPrimary #Wiscon‚Ä¶","Tennessee - USA"
281,"RT @David360NC: The greatest video of TRUMP you will ever see. https://t.co/jy52FhQrHE #WIPrimary #WIpolitics #AlwaysTrump #GOP #PA https:/‚Ä¶","Las Vegas"
282,"RT @David360NC: The greatest video of TRUMP you will ever see. https://t.co/jy52FhQrHE #WIPrimary #WIpolitics #AlwaysTrump #GOP #PA https:/‚Ä¶","Las Vegas"
283,"RT @PatrickSvitek: - Trump on Heidi Cruz attack: I didn't start it. - @AndersonCooper: With all due respect that's the argument of a 5-‚Ä¶","Heart of the Bluegrass"
284,"RT @OutFrontCNN: Donald Trump argues for countries incl. Japan &amp; S.Korea getting nuclear weapons https://t.co/miqgbmJQg4 #GOPTownHall https‚Ä¶","Earth"
285,"RT @OutFrontCNN: Donald Trump argues for countries incl. Japan &amp; S.Korea getting nuclear weapons https://t.co/miqgbmJQg4 #GOPTownHall https‚Ä¶","Earth"
286,"RT @UCitizens: We Trump Supporters are so coolüëç We care about the USA! We support each other! We will help Trump Win! And most of all the L‚Ä¶","Pennsylvania"
287,"RT @UCitizens: We Trump Supporters are so coolüëç We care about the USA! We support each other! We will help Trump Win! And most of all the L‚Ä¶","Pennsylvania"
288,"RT @Johnatsrs1949: &gt;&gt;&gt;&gt;&gt;&gt;&gt;&gt;&gt;&gt;&gt;&gt;&gt;&gt;Get out the VOTE in Wisconsin**A Big Win Can Lock Up the NE States..............**GO TRUMP 2016** http‚Ä¶","Branson - Missouri"
289,"RT @Johnatsrs1949: &gt;&gt;&gt;&gt;&gt;&gt;&gt;&gt;&gt;&gt;&gt;&gt;&gt;&gt;Get out the VOTE in Wisconsin**A Big Win Can Lock Up the NE States..............**GO TRUMP 2016** http‚Ä¶","Branson - Missouri"
290,"RT @cthulhu4america: The solution to global problems is to take over the globe. Trump doesn't even have a plan. #GOPTownHall https://t.co/j‚Ä¶","Toronto - Ontario"
291,"RT @Johnatsrs1949: &gt;&gt;&gt;&gt;&gt;&gt;&gt;&gt;&gt;&gt;&gt;&gt;&gt;&gt;Get out the VOTE in Wisconsin**A Big Win Can Lock Up the NE States..............**GO TRUMP 2016** http‚Ä¶","Nashville - TN"
292,"RT @Johnatsrs1949: &gt;&gt;&gt;&gt;&gt;&gt;&gt;&gt;&gt;&gt;&gt;&gt;&gt;&gt;Get out the VOTE in Wisconsin**A Big Win Can Lock Up the NE States..............**GO TRUMP 2016** http‚Ä¶","Nashville - TN"
293,"RT @cthulhu4america: The solution to global problems is to take over the globe. Trump doesn't even have a plan. #GOPTownHall https://t.co/j‚Ä¶","Toronto - Ontario"
294,"RT @Cernovich: Trump is pro-police. I am not. Today's false criminal case against Trump's campaign manager is why I do not trust the police.","Peoples Republic of California"
295,"#Cruz's super PAC attacked Trump's wife w/nude photos but let's forget Cruz's ugliness &amp; let's hide the #CruzSexScandal...cause narrative","Greater Los Angeles"
296,"RT @Cernovich: Trump is pro-police. I am not. Today's false criminal case against Trump's campaign manager is why I do not trust the police.","Peoples Republic of California"
297,"#Cruz's super PAC attacked Trump's wife w/nude photos but let's forget Cruz's ugliness &amp; let's hide the #CruzSexScandal...cause narrative","Greater Los Angeles"
298,"RT @OrigIntent: I thought Republicans were above Double Standards. @WDFx2EU @ChristiChat @Ricky_Vaughn99 @TeamTrumpAZ #Trump https://t.co/‚Ä¶","God Bless America!"
299,"@FoxNews @SykesCharlie you both look like hypocrites as if we all don't know how biased you both are. It only makes us more support Trump!!!","California"
